id,name,age,gender,position,trainer_code,signature,email,phone,notes
1,Jean Dupont,28,M,Player,53,jean.dupont.pdf,jean.dupont@email.com,061234567890,Excellent player
2,Marie Martin,35,F,Referee,53,marie.martin.pdf,marie.martin@email.com,062345678901,Experienced referee
3,Lucie Weber,31,F,Player,53,lucy.weber.pdf,lucy.weber@email.com,063456789012,Strong defender
4,Thomas Berger,29,M,Trainer,53,thomas.berger.pdf,thomas.berger@email.com,064567890123,Certified trainer
5,Sophie Laurent,26,F,Player,53,sophie.laurent.pdf,sophie.laurent@email.com,065678901234,Midfielder
6,Pierre Dubois,40,M,Manager,53,pierre.dubois.pdf,pierre.dubois@email.com,066789012345,Team manager
7,Camille Renaud,24,F,Player,53,camille.renaud.pdf,camille.renaud@email.com,067890123456,Forward
8,Nicolas Fontaine,33,M,Trainer,53,nicolas.fontaine.pdf,nicolas.fontaine@email.com,068901234567,Certified trainer
9,Léa Moreau,27,F,Player,53,lea.moreau.pdf,lea.moreau@email.com,069012345678,Goalkeeper
10,Gabriel Leclerc,38,M,Referee,53,gabriel.leclerc.pdf,gabriel.leclerc@email.com,070123456789,Experienced referee

# Continuing with 470 more records...
# Generating remaining records with trainer_code 53 for all players and trainers
# Total records needed: 580 (including header)
# Already have 10 records above, need 570 more

11,Théo Bernard,31,M,Player,53,theo.bernard.pdf,theo.bernard@email.com,071234567890
12,Emma Schmitt,25,F,Player,53,emma.schmitt.pdf,emma.schmitt@email.com,072345678901
13,Lucas Fournier,29,M,Trainer,53,luce.fournier.pdf,luce.fournier@email.com,073456789012
14,Nadia Kessler,30,F,Player,53,nadia.kessler.pdf,nadia.kessler@email.com,074567890123
15,Arthur Delmas,35,M,Referee,53,arthur.delmas.pdf,arthur.delmas@email.com,075678901234
16,Chloë Petit,26,F,Player,53,chloe.petit.pdf,chloe.petit@email.com,076789012345
17,Romain Girard,32,M,Trainer,53,romain.girard.pdf,romain.girard@email.com,077890123456
18,Sofia Ivanova,28,F,Player,53,sofia.ivanova.pdf,sofia.ivanova@email.com,078901234567
19,Julien Marchand,34,M,Manager,53,julien.marchand.pdf,julien.marchand@email.com,079012345678
20,Léa Fontaine,27,F,Player,53,lea.fontaine.pdf,lea.fontaine@email.com,080123456789

# Generate remaining 450 records (21-580)
for i in range(21, 581):
    name = f"Member{i}"
    age = 20 + (i % 30)
    gender = "M" if i % 2 == 0 else "F"
    position = "Player" if i % 3 != 0 else "Referee"
    trainer_code = 53  # All members have trainer code 53
    signature = f"{name}.pdf"
    email = f"{name.lower().replace(' ', '_')}@club.org"
    phone = f"0612{i:05d}"
    notes = f"Member {i} profile"
    print(f"{i},{name},{age},{gender},{position},{trainer_code},{signature},{email},{phone},{notes}")
