1	comite.html:Media/Icon Statuten/Logo-StatutenApplestyle.png
1	comite.html:Media/Inside/Den-Desch.png
1	comite.html:Media/Inside/Festiviteiten.png
1	comite.html:Media/Inside/Logo-Arbittre.png
1	comite.html:Media/Inside/Logo-Buero.png
1	comite.html:Media/Inside/Logo-Buvette.png
1	comite.html:Media/Inside/Logo-Menu-Mersch75-M75-CA-2026.png
1	comite.html:Media/Inside/Logo-Mersch75-Internet.png
1	comite.html:Media/Inside/Manager-Geraete.png
1	comite.html:Media/Inside/Trainerstaffneu.png
1	comite.html:Media/Logos
1	comite.html:Media/Logos FLH Eq/Logo Mersch75 Schrift mat Ball And Handball Club Fusszeile.png
1	comite.html:Media/Statuten Mersch75.pdf
1	community.html:Media/Logos
1	community.html:Media/Logos FLH Eq/Logo Mersch75 Schrift mat Ball And Handball Club Fusszeile.png
3	contact.html:Media/Header_Logos_media/Logo-Menu-Mersch75-Contact-2025.png
1	contact.html:Media/Logos
1	contact.html:Media/Logos FLH Eq/Logo Mersch75 Schrift mat Ball And Handball Club Fusszeile.png
1	dataprotection.html:Media-Beiträge
1	dataprotection.html:Media-Bäiträg
1	dataprotection.html:Media/Logos
1	dataprotection.html:Media/Logos FLH Eq/Logo Mersch75 Schrift mat Ball And Handball Club Fusszeile.png
1	feedback-intern.html:Media/Logos
1	feedback-intern.html:Media/Logos FLH Eq/Logo Mersch75 Schrift mat Ball And Handball Club Fusszeile.png
1	gallery.html:Media/Logos
1	gallery.html:Media/Logos FLH Eq/Logo Mersch75 Schrift mat Ball And Handball Club Fusszeile.png
11	generator.html:Media/Ekippe
1	generator.html:Media/Handballfeld-mat-Draach-an-der-Perspectiv-scaled.png
1	generator.html:Media/Hauptseite/
1	generator.html:Media/Hauptseite/</code>
1	generator.html:Media/Hauptseite/current-matchposter*.jpg
60	generator.html:Media/Logos
2	generator.html:Media/M75_realistesche-3D-Ball-op-Mooss-1-2.png
2	generator.html:Media/Matchday2.png
2	generator.html:Media/Sponsoring/Equidem.png
2	generator.html:Media/Sponsoring/Erasmy.png
2	generator.html:Media/Sponsoring/MansfeldImmobiliere-laang-new.png
6	generator.html:Media/Sponsoring/Mixvoip.png
2	generator.html:Media/Sponsoring/PetersSports.png
2	generator.html:Media/Sponsoring/Rives-de-lAlzette.png
2	generator.html:Media/Sponsoring/SafetyCo@2x.png
2	generator.html:Media/Sponsoring/Schilling.png
2	generator.html:Media/Sponsoring/Taxx-Logo-with-brand-normal-horizontal_transparent-1-scaled.jpg
1	generatorold.html:Media/Handballfeld-mat-Draach-an-der-Perspectiv-scaled.png
1	generatorold.html:Media/Hauptseite/
1	generatorold.html:Media/Hauptseite/</code>
1	generatorold.html:Media/Hauptseite/current-matchposter*.jpg
61	generatorold.html:Media/Logos
2	generatorold.html:Media/M75_realistesche-3D-Ball-op-Mooss-1-2.png
2	generatorold.html:Media/Matchday2.png
2	generatorold.html:Media/Sponsoring/Equidem.png
2	generatorold.html:Media/Sponsoring/Erasmy.png
2	generatorold.html:Media/Sponsoring/MansfeldImmobiliere-laang-new.png
4	generatorold.html:Media/Sponsoring/Mixvoip.png
2	generatorold.html:Media/Sponsoring/PetersSports.png
2	generatorold.html:Media/Sponsoring/Rives-de-lAlzette.png
2	generatorold.html:Media/Sponsoring/SafetyCo@2x.png
2	generatorold.html:Media/Sponsoring/Schilling.png
2	generatorold.html:Media/Sponsoring/Taxx-Logo-with-brand-normal-horizontal_transparent-1-scaled.jpg
1	hallenkarte.html:Media/Halen/CS
5	hallenkarte.html:Media/Halen/Centre
1	hallenkarte.html:Media/Halen/Centres
1	hallenkarte.html:Media/Halen/Diekirch
1	hallenkarte.html:Media/Halen/H.O
3	hallenkarte.html:Media/Halen/HO
1	hallenkarte.html:Media/Halen/Hall
1	hallenkarte.html:Media/Halen/Kannercampus
1	hallenkarte.html:Media/Halen/Käerjeng-Dribbel.jpg
1	hallenkarte.html:Media/Halen/Maison
1	hallenkarte.html:Media/Halen/Sporthalle
1	hallenkarte.html:Media/Halen/Sportshal_Rodange.jpg
1	hallenkarte.html:Media/Halen/centre-sportif-oberkorn.jpg
1	hallenkarte.html:Media/Halen/hall-omnisport-leudelange.jpg
1	hallenkarte.html:Media/LOGO-FLH-zu-4x-hochskalieren-zu-4x-hochskalieren-scaled.png
20	hallenkarte.html:Media/Logos
1	hallenkarte.html:Media/Logos FLH Eq/Logo Mersch75 Schrift mat Ball And Handball Club Fusszeile.png
1	hallenkarte.html:Media/Training/Krounebierg_2x-scaled.png
1	hallenkarte.html:Media/Training/Salle-des-sports-Ecole-fondamentale.jpg
1	historie.html:Media/History HBM75 S1 1975.png
1	historie.html:Media/History.png
2	historie.html:Media/Inside/CleanShot-2026-02-18-at-17.07.46_2x.png
1	historie.html:Media/Inside/Original-Draach-Mersch.jpg
1	historie.html:Media/Logo-History.jpg
3	historie.html:Media/Logo-History.jpg?v=20260620b
1	historie.html:Media/Logos
1	historie.html:Media/Logos FLH Eq/Logo Mersch75 Schrift mat Ball And Handball Club Fusszeile.png
1	impressum.html:Media/Logos
1	impressum.html:Media/Logos FLH Eq/Logo Mersch75 Schrift mat Ball And Handball Club Fusszeile.png
1	index.html:Media/Copy-of-Logo-EHF-Applestyle.png
1	index.html:Media/Copy-of-Logo-EHFTV-Applestyle.png
1	index.html:Media/Copy-of-Logo-IHF-Applestyle.png
4	index.html:Media/Ekippe
2	index.html:Media/Handballfeld-mat-Draach-an-der-Perspectiv-scaled.png
2	index.html:Media/Hauptseite/Final
1	index.html:Media/Hauptseite/M75_AG
1	index.html:Media/Hauptseite/archive/FANshop M75 Applestyle.png
1	index.html:Media/Hauptseite/archive/FANshop M75 Portrait.png
2	index.html:Media/Hauptseite/archive/GirlsDay 20.06.2026.JPG
3	index.html:Media/Hauptseite/archive/Mersch75_Matchday_14062026.webp
2	index.html:Media/Hauptseite/archive/Mersch75_Portrait14062026.webp
2	index.html:Media/Hauptseite/statistik-knaller-ls.png
1	index.html:Media/Hauptseite/statistik-knaller-portrait.png
1	index.html:Media/LOGO-FLH-zu-4x-hochskalieren-zu-4x-hochskalieren-scaled.png
1	index.html:Media/Logo-Menu-Mersch75-AxaLeague-Men-new-1.png
1	index.html:Media/Logo-Menu-Mersch75-AxaLeague-WoMen-new-1.png
1	index.html:Media/Logos
1	index.html:Media/Logos FLH Eq/Logo Mersch75 Schrift mat Ball And Handball Club Fusszeile.png
1	index.html:Media/Save the Date.jpeg
1	index.html:Media/Sponsoring/Sponsorslescht-all-Breifpabeier-ouni-adresse-13022026-2.png
1	index.html:Media/de-Ball-reduced-Kopie.png
1	index.html:Media/icons
2	inside.html:Media/Inside/CleanShot-2026-02-18-at-17.07.46_2x.png
1	inside.html:Media/Inside/CleanShot-2026-04-12-at-12.33.53@2x.png
1	inside.html:Media/Inside/Den-Desch.png
1	inside.html:Media/Inside/Festiviteiten.png
1	inside.html:Media/Inside/Logo-Arbittre.png
1	inside.html:Media/Inside/Logo-Buero.png
1	inside.html:Media/Inside/Logo-Buvette.png
1	inside.html:Media/Inside/Logo-Menu-Mersch75-M75-CA-2025.png
1	inside.html:Media/Inside/Logo-Mersch75-Internet.png
1	inside.html:Media/Inside/Manager-Geraete.png
1	inside.html:Media/Inside/Original-Draach-Mersch.jpg
1	inside.html:Media/Inside/Trainerstaffneu.png
1	inside.html:Media/Logos
1	inside.html:Media/Logos FLH Eq/Logo Mersch75 Schrift mat Ball And Handball Club Fusszeile.png
1	join.html:Media/Header_Logos_media/Logo-Menu-Mersch75-JoinUs-2025.png
1	join.html:Media/Logos
1	join.html:Media/Logos FLH Eq/Logo Mersch75 Schrift mat Ball And Handball Club Fusszeile.png
1	links.html:Media/Banken/BGL.png
1	links.html:Media/Banken/BILnet.png
1	links.html:Media/Banken/Raiffeisen net.png
1	links.html:Media/Banken/SPUERKEESS_snet.jpg
1	links.html:Media/Banken/eboo_iconapp.png
1	links.html:Media/Hauptseite/archive/FANshop M75 Applestyle.png
1	links.html:Media/Header_Logos_media/Logo-Menu-Applestyle-Mersch75-Zesumme-Staark.png
1	links.html:Media/Header_Logos_media/Mersch75-Useful-Links-Applestyle-2025-4-scaled.png
1	links.html:Media/LOGO-FLH-zu-4x-hochskalieren-zu-4x-hochskalieren-scaled.png
1	links.html:Media/Logo-Menu-Mersch75-AxaLeague-Men-new-1.png
1	links.html:Media/Logo-Menu-Mersch75-AxaLeague-WoMen-new-1.png
1	links.html:Media/Logos
1	links.html:Media/Logos FLH Eq/Logo Mersch75 Schrift mat Ball And Handball Club Fusszeile.png
1	links.html:Media/icons Useful Links/Logo CSMS Applestyle.png
1	links.html:Media/icons Useful Links/Logo Commune de Mersch Applestyle 2025.png
1	links.html:Media/icons Useful Links/Logo Marisca Mersch Applestyle 2025.png
1	links.html:Media/icons Useful Links/Logo Video Gemeng Miersch AppleStyle 2025.png
1	links.html:Media/icons Useful Links/Logo ALiS Applestyle.png
1	links.html:Media/icons Useful Links/Logo Apart TV Applestyle.png
1	links.html:Media/icons Useful Links/Logo BlackStar Mersch Applestyle 2025.png
1	links.html:Media/icons Useful Links/Logo DHB Applestyle.png
1	links.html:Media/icons Useful Links/Logo EHF Applestyle.png
1	links.html:Media/icons Useful Links/Logo EHFTV Applestyle.png
1	links.html:Media/icons Useful Links/Logo FFH Applestyle.png
1	links.html:Media/icons Useful Links/Logo HandballzuL%C3%ABtzebuerg Applestyle.png
1	links.html:Media/icons Useful Links/Logo IHF Applestyle.png
1	links.html:Media/icons Useful Links/Logo INAPS Applestyle.png
1	links.html:Media/icons Useful Links/Logo Live Arena AppleStyle 2025.png
1	links.html:Media/icons Useful Links/Logo Mersch75YoutubeVideo Applestyle.png
1	links.html:Media/icons Useful Links/Logo Refcom Applestyle 2025.png
1	links.html:Media/icons Useful Links/Logo SBO WEBAPP AppleStyle laang.png
1	links.html:Media/icons Useful Links/Logo Sport_lu Applestyle.png
1	links.html:Media/icons Useful Links/Logo URBH-KBHB Applestyle.png
2	links.html:MediaLinksTitle
1	live-center.html:Media/Hauptseite/archive/Logo Menu Mersch75 Matchkalenner Applestyle.png
1	live-center.html:Media/Logos
1	live-center.html:Media/Logos FLH Eq/Logo Mersch75 Schrift mat Ball And Handball Club Fusszeile.png
1	memories.html:Media/Logos
1	memories.html:Media/Logos FLH Eq/Logo Mersch75 Schrift mat Ball And Handball Club Fusszeile.png
4	news.html:Media/Ekippe
2	news.html:Media/Handballfeld-mat-Draach-an-der-Perspectiv-scaled.png
1	news.html:Media/Hauptseite/M75_AG
2	news.html:Media/Hauptseite/statistik-knaller-ls.png
1	news.html:Media/Hauptseite/statistik-knaller-portrait.png
1	news.html:Media/Logos
1	news.html:Media/Logos FLH Eq/Logo Mersch75 Schrift mat Ball And Handball Club Fusszeile.png
1	news.html:Media/icons
1	nextgen.html:Media/Logos
1	nextgen.html:Media/Logos FLH Eq/Logo Mersch75 Schrift mat Ball And Handball Club Fusszeile.png
1	nextgen.html:Media/NEXTGEN/Arena/Eng
1	nextgen.html:Media/NEXTGEN/nextGen.png
1	script.js:Media(
11	statistics-25-26.html:Media/Ekippe
1	statistics-25-26.html:Media/Logos
1	statistics-25-26.html:Media/Logos FLH Eq/Logo Mersch75 Schrift mat Ball And Handball Club Fusszeile.png
1	styles.css:Media/Header_Logos_media/Logo-Mersch75-50-Joer-3D-Kopie.png
1	styles.css:Media/Sponsoring/Sponsorslescht-all-Breifpabeier-ouni-adresse-13022026-2.png
1	terms.html:Media/Logos
1	terms.html:Media/Logos FLH Eq/Logo Mersch75 Schrift mat Ball And Handball Club Fusszeile.png
1	trainerstaff.html:Media/Logos
1	trainerstaff.html:Media/Logos FLH Eq/Logo Mersch75 Schrift mat Ball And Handball Club Fusszeile.png
1	trainerstaff.html:Media/Training/M75_Anne-Holm.png
1	trainerstaff.html:Media/Training/M75_GregorieRedavid-09012026.png
1	trainerstaff.html:Media/Training/M75_Katarzyna.png
1	trainerstaff.html:Media/Training/M75_Laurent-Metzler1.png
1	trainerstaff.html:Media/Training/M75_Louis-VdW-scaled.png
1	trainerstaff.html:Media/Training/M75_MaxBlanc.png
4	trainerstaff.html:Media/Training/No-Foto.png
1	trainerstaff.html:Media/Training/Trainerstaffneu.png
1	training.html:Media/Halen/Sporthalle
1	training.html:Media/Header_Logos_media/Logo-Mersch75-TeamTraining-26092025.png
1	training.html:Media/Logos
1	training.html:Media/Logos FLH Eq/Logo Mersch75 Schrift mat Ball And Handball Club Fusszeile.png
1	training.html:Media/Training/HO-rue-des-Pres-Mersch-scaled.png
1	training.html:Media/Training/Krounebierg_2x-scaled.png
1	training.html:Media/Training/M75-Hallenzeiten-17.10.2025-Kopie-scaled.png
1	training.html:Media/Training/Salle-des-sports-Ecole-fondamentale.jpg
3	wellkomm-mapp.html:Media-Links:
1	wellkomm-mapp.html:Media.
1	wellkomm-mapp.html:Media/Hauptseite/archive/Logo Menu Mersch75 Matchkalenner Applestyle.png
1	wellkomm-mapp.html:Media/Header_Logos_media/Logo-Menu-Mersch75-Contact-2025.png
1	wellkomm-mapp.html:Media/Header_Logos_media/Logo-Menu-Mersch75-Galerie-Fotos-SBO-Videos-2025.png
1	wellkomm-mapp.html:Media/Header_Logos_media/Logo-Menu-Mersch75-Inside-26092025.png
1	wellkomm-mapp.html:Media/Header_Logos_media/Logo-Menu-Mersch75-JoinUs-2025.png
1	wellkomm-mapp.html:Media/Header_Logos_media/Logo-Menu-Mersch75_News-26092025.png
23	wellkomm-mapp.html:Media/Header_Logos_media/Logo-Mersch75-50-Joer-3D-Kopie.png
1	wellkomm-mapp.html:Media/Header_Logos_media/Logo-Mersch75-TeamTraining-26092025.png
1	wellkomm-mapp.html:Media/Header_Logos_media/Mersch75-Useful-Links-Applestyle-2025-4-scaled.png
1	wellkomm-mapp.html:Media/Icons Wellkommsmapp/Jeff Schuster mit Hintergrund ohne dhika.jpg
1	wellkomm-mapp.html:Media/Logos
1	wellkomm-mapp.html:Media/Logos FLH Eq/Logo Mersch75 Schrift mat Ball And Handball Club Fusszeile.png
7	wellkomm-mapp.html:Media/M75_realistesche-3D-Ball-op-Mooss-1.png
1	wellkomm-mapp.html:Media/NEXTGEN/nextGen.png
1	wellkomm-mapp.html:Media/Wëllkomm-Mapp/Cover.png
1	wellkomm-mapp.html:Media/Wëllkomm-Mapp/Motto.png
1	wellkomm-mapp.html:Media/de-Ball-reduced-Kopie.png
1	wellkomm-mapp.html:Media:</strong>
1	zesumme-staark.html:Media/Header_Logos_media/Logo-Menu-Applestyle-Mersch75-Zesumme-Staark.png
1	zesumme-staark.html:Media/Logos
1	zesumme-staark.html:Media/Logos FLH Eq/Logo Mersch75 Schrift mat Ball And Handball Club Fusszeile.png
