jugend_z,jugend_name,jugend_alter,jugend_lizenz,jugend_status,haushalt,traeger_z,traeger_name,traeger_geboren,traeger_alter,traeger_minderjaehrig,haushalt_betrag,erwachsene_im_haushalt
543,WAGNER Myriam,4,AL,J,F0141,543,WAGNER Myriam,2022-03-14,4,JA,0,0
5,AKIKAWA Koki,8,AI,J,F0103,8,AKIKAWA Marie,2018-05-19,8,JA,0,0
8,AKIKAWA Marie,8,AJ,P,F0103,8,AKIKAWA Marie,2018-05-19,8,JA,0,0
12,ANDRADE SOUSA Matilde,8,AJ,J,F0161,12,ANDRADE SOUSA Matilde,2018-03-30,8,JA,0,0
13,ANDRIEN Morgane,6,AL,J,F0119,13,ANDRIEN Morgane,2020-09-04,6,JA,0,0
16,ANTHONSEN Laura,10,AH,J,F0156,16,ANTHONSEN Laura,2016-04-22,10,JA,210.0,0
22,ARENO Matis,9,AG,P,F0052,20,ARENO Camille,2015-10-05,10,JA,0,0
23,ARSENIJEVIC Sofija,9,AH,J,F0120,24,ARSENIJEVIC Sara,2014-07-28,12,JA,0,0
27,ASSEL Leo,10,AG,P,GAJGL,40,BEAUME Yannick,2010-12-08,15,JA,50.0,0
32,BAUER René,6,AK,P,GAJGL,40,BEAUME Yannick,2010-12-08,15,JA,50.0,0
33,BAUER Philippe,4,AK,P,GAJGL,40,BEAUME Yannick,2010-12-08,15,JA,50.0,0
48,BERCHEM Alex,10,AG,P,GAJGL,40,BEAUME Yannick,2010-12-08,15,JA,50.0,0
295,KREMER Leo,10,AG,P,GAJGL,40,BEAUME Yannick,2010-12-08,15,JA,50.0,0
296,KREMER Julie,8,AJ,P,GAJGL,40,BEAUME Yannick,2010-12-08,15,JA,50.0,0
339,MAJERUS Matheo,9,AG,P,GAJGL,40,BEAUME Yannick,2010-12-08,15,JA,50.0,0
29,BARBIER VILA Alex,5,AK,J,F0019,29,BARBIER VILA Alex,2020-12-16,5,JA,210.0,0
35,BAURAIN Auguste,6,AK,J,F0029,37,BAURAIN Maxime,1986-01-27,40,nein,0,2
38,BEADER Ella,7,AJ,J,F0003,38,BEADER Ella,2019-06-14,7,JA,210.0,0
43,BEGIC Taira,9,AH,J,F0090,43,BEGIC Taira,2017-05-29,9,JA,210.0,0
70,BOSSERS Leonie,8,AJ,J,F0135,70,BOSSERS Leonie,2018-08-23,8,JA,210.0,0
57,BINGEN Dani,9,AH,J,F0015,58,BINGEN Fränk,1983-08-10,43,nein,0,1
61,BISENIUS Amelie Holm,10,AH,J,F0059,64,BISENIUS Ben,1984-05-30,42,nein,0,2
62,BISENIUS Esther Holm,10,AH,J,F0059,64,BISENIUS Ben,1984-05-30,42,nein,0,2
474,ROLLINGER Bo,10,AG,P,F0034,475,ROLLINGER Nils,2012-07-08,14,JA,0,0
68,BOENIGK DAMIAN Amelie,4,AL,J,F0102,68,BOENIGK DAMIAN Amelie,2021-12-08,4,JA,210.0,0
69,BONFILS Carmen,5,AL,J,F0088,69,BONFILS Carmen,2021-03-04,5,JA,0,0
447,REDAVID Noé,8,AG,J,F0067,449,REDAVID Gregory,1985-02-13,41,nein,0,1
448,REDAVID Paul,4,AK,J,F0067,449,REDAVID Gregory,1985-02-13,41,nein,0,1
472,ROEDER Tim,8,AI,P,F0063,472,ROEDER Tim,2018-04-26,8,JA,0,0
78,BRANDT EIRO Bernardo,4,AK,J,F0099,77,BRANDT Sabrina,1985-01-20,41,nein,0,2
222,HAAS Lily,5,AL,J,F0114,223,HAAS Tom,1983-05-17,43,nein,0,1
87,BÜCHLER Yannick,8,AI,P,F0054,85,BÜCHLER Maxime,2015-10-21,10,JA,0,0
92,CARVALHO Tiago,9,AG,P,F0048,92,CARVALHO Tiago,2017-02-26,9,JA,0,0
391,MORENO Lea,10,AH,J,F0027,392,MORENO Max,2014-11-07,11,JA,0,0
98,CONCONI Isabella,5,AL,J,F0130,99,CONCONI Filippo,2018-02-12,8,JA,0,0
99,CONCONI Filippo,8,AI,J,F0130,99,CONCONI Filippo,2018-02-12,8,JA,384.0,0
584,ZELLER Sarah,5,AL,J,F0164,104,DA CONCEICAO Sandra,1989-02-08,37,nein,0,1
210,GOEDERT DA COSTA Eleonor,8,AJ,P,F0040,210,GOEDERT DA COSTA Eleonor,2018-01-15,8,JA,0,0
108,DE LORENZI Laura,9,AH,J,F0111,108,DE LORENZI Laura,2017-08-18,9,JA,0,0
468,ROCHA MAJERUS Darius,8,AI,P,F0091,468,ROCHA MAJERUS Darius,2018-08-26,8,JA,0,0
487,SCHILTZ Cléo,6,AL,J,F0055,487,SCHILTZ Cléo,2020-04-15,6,JA,210.0,0
120,DEMANT Anna,8,AJ,P,F0074,120,DEMANT Anna,2018-07-20,8,JA,0,0
340,MALGET Hana,6,AL,J,F0069,342,MALGET Joé,1986-03-29,40,nein,0,1
125,DEUTSCH Lévi,7,AI,J,F0070,126,DEUTSCH Léonie,2016-06-17,10,JA,0,0
126,DEUTSCH Léonie,10,AH,J,F0070,126,DEUTSCH Léonie,2016-06-17,10,JA,384.0,0
128,DEVELDER Elise,5,AL,J,F0009,128,DEVELDER Elise,2021-01-17,5,JA,210.0,0
137,DOBERDOLANI Ilan,6,AI,J,F0121,139,DOBERDOLANI Luan,2017-12-25,8,JA,0,0
138,DOBERDOLANI Flora,5,AL,J,F0121,139,DOBERDOLANI Luan,2017-12-25,8,JA,0,0
139,DOBERDOLANI Luan,8,AG,J,F0121,139,DOBERDOLANI Luan,2017-12-25,8,JA,384.0,0
321,LIBRIZZI Rebecca,8,AJ,J,F0131,321,LIBRIZZI Rebecca,2018-07-11,8,JA,210.0,0
353,MARTINEZ DOSSOW Lisa,5,AL,J,F0126,353,MARTINEZ DOSSOW Lisa,2021-09-17,5,JA,210.0,0
151,EFE Meva,7,AJ,J,F0129,151,EFE Meva,2019-08-27,7,JA,210.0,0
153,EICH Felix,8,AG,J,F0139,153,EICH Felix,2017-11-07,8,JA,210.0,0
154,EICH Matti,7,AI,J,F0139,153,EICH Felix,2017-11-07,8,JA,0,0
158,ELSEN Lio,6,AK,J,F0073,160,ELSEN Emily,2018-06-08,8,JA,0,0
160,ELSEN Emily,8,AJ,P,F0073,160,ELSEN Emily,2018-06-08,8,JA,210.0,0
164,ERNSTER Charly,10,AG,J,F0041,164,ERNSTER Charly,2016-08-30,10,JA,210.0,0
169,FABER Jamie,9,AH,J,F0056,169,FABER Jamie,2017-04-01,9,JA,210.0,0
559,WEILER Elio,3,AM,J,F0147,559,WEILER Elio,2023-01-22,3,JA,0,0
177,FERRANTI MAYER Juna,7,AJ,J,F0086,175,FERRANTI Marco,1977-05-23,49,nein,0,2
178,FERRANTI MAYER Eva,7,AJ,J,F0086,175,FERRANTI Marco,1977-05-23,49,nein,0,2
181,FERRING Tom,5,AK,J,F0134,181,FERRING Tom,2021-06-22,5,JA,210.0,0
184,FIHL HÖLZMER Noah,5,AK,J,F0097,185,FIHL HÖLZMER Liva,2018-08-13,8,JA,0,0
185,FIHL HÖLZMER Liva,8,AJ,J,F0097,185,FIHL HÖLZMER Liva,2018-08-13,8,JA,384.0,0
494,SCHMITZ Eléa,6,AJ,J,F0106,496,SCHMITZ Nathanaël,2017-01-07,9,JA,0,0
496,SCHMITZ Nathanaël,9,AG,P,F0106,496,SCHMITZ Nathanaël,2017-01-07,9,JA,210.0,0
280,KINTZLE Lena,9,AH,J,F0118,279,KINTZLE Yann,2014-04-18,12,JA,0,0
343,MANGIOSI FODOR Sofia Alexandra,9,AH,J,F0151,191,FODOR Christina,1975-11-01,50,nein,0,1
192,FODOR MANGIOSI Sofia-Alexandra,9,AH,J,F0030,192,FODOR MANGIOSI Sofia-Alexandra,2017-03-20,9,JA,0,0
245,HOFFMANN Leo,8,AI,J,F0132,245,HOFFMANN Leo,2018-02-27,8,JA,210.0,0
198,FROIDEVAUX Mayla,5,AL,J,F0117,198,FROIDEVAUX Mayla,2021-04-15,5,JA,210.0,0
290,KREMER Jim,10,AG,J,F0022,294,"KREMER Christophe, François, Fernand",1983-11-08,42,nein,0,1
580,ZAAYAN NAHAR Johri,6,AK,J,F0124,580,ZAAYAN NAHAR Johri,2020-05-24,6,JA,0,0
457,RESSEL Maxime,10,AG,P,F0032,458,RESSEL Chloé,2013-10-03,12,JA,0,0
212,GONCALVES SOARES Lara,9,AH,J,F0158,212,GONCALVES SOARES Lara,2016-12-15,9,JA,0,0
213,GREIS Felix,5,AK,J,F0109,213,GREIS Felix,2020-12-20,5,JA,210.0,0
214,GREIS Timo,5,AK,J,F0050,215,GREIS Loris,2019-07-03,7,JA,0,0
215,GREIS Loris,7,AI,J,F0050,215,GREIS Loris,2019-07-03,7,JA,384.0,0
435,POULLES Chiara,10,AH,J,F0145,435,POULLES Chiara,2016-07-22,10,JA,210.0,0
227,HAMRO-DROTZ Avid Nicole,10,AH,J,F0077,228,HAMRO-DROTZ Ava Freya,2014-05-04,12,JA,0,0
240,HERR Marie,8,AH,P,F0080,238,HERR Noel,2014-05-16,12,JA,0,0
242,HESSER Marius,6,AI,J,F0087,242,HESSER Marius,2019-11-26,6,JA,210.0,0
248,HOLLARD Elyas,7,AI,J,F0047,249,HOLLARD Timour,2017-03-03,9,JA,0,0
249,HOLLARD Timour,9,AG,J,F0047,249,HOLLARD Timour,2017-03-03,9,JA,210.0,0
252,HOLMBERG Amélie,10,AH,J,F0152,252,HOLMBERG Amélie,2016-04-08,10,JA,210.0,0
319,LENGLET Benjamin,6,AK,J,F0038,319,LENGLET Benjamin,2020-03-18,6,JA,210.0,0
262,JACQUELIN Rose,7,AJ,J,F0005,262,JACQUELIN Rose,2019-04-18,7,JA,384.0,0
263,JACQUELIN Tom,6,AK,J,F0005,262,JACQUELIN Rose,2019-04-18,7,JA,0,0
454,REINERT Flora,5,AL,J,F0036,454,REINERT Flora,2021-06-02,5,JA,210.0,0
445,RAUCHS Nora,5,AL,J,F0084,445,RAUCHS Nora,2020-11-07,5,JA,210.0,0
269,JUNGELS Emilia,5,AL,J,F0045,413,PATZ Noémie,1984-01-08,42,nein,0,2
270,JUNGELS Laurie,8,AJ,J,F0045,413,PATZ Noémie,1984-01-08,42,nein,0,2
276,KASEL Khloé,9,AH,P,F0037,275,KASEL Katharina,2015-12-22,10,JA,0,0
505,SEBERT Henrik,5,AK,J,F0116,505,SEBERT Henrik,2020-12-23,5,JA,210.0,0
297,KRIER Frederik,4,AK,J,F0065,299,KRIER Benoit,1983-07-20,43,nein,0,1
302,LACKNER Mahuwènan,9,AG,J,F0150,302,LACKNER Mahuwènan,2017-05-30,9,JA,210.0,0
308,LAMHèNE Aki,9,AG,J,F0072,308,LAMHèNE Aki,2017-06-07,9,JA,210.0,0
314,LE ROY MARECHAL Lucas,8,AG,J,F0062,313,LE ROY Sebastien,1977-09-29,49,nein,0,2
387,MIGUELEZ LED Teo,9,AG,J,F0066,387,MIGUELEZ LED Teo,2017-03-10,9,JA,210.0,0
331,LUX Joe,,AK,J,F0008,331,LUX Joe,KEIN DATUM,unbekannt,nein,210.0,0
381,MICHELS Amélie,6,AL,J,F0159,381,MICHELS Amélie,2020-07-24,6,JA,0,0
335,MAJERUS Yann,6,AK,J,F0020,335,MAJERUS Yann,2020-02-08,6,JA,210.0,0
590,ZWANK Theo,4,AK,J,F0089,591,ZWANK Luc,1975-01-02,51,nein,0,2
519,STEEN Alexander,5,AK,J,F0142,519,STEEN Alexander,2021-08-31,5,JA,0,0
367,MC KEON Sonny,4,AK,J,F0143,369,MCKEON Fionn,2019-10-07,6,JA,0,0
369,MCKEON Fionn,6,AI,J,F0143,369,MCKEON Fionn,2019-10-07,6,JA,384.0,0
371,MEDINGER WEBER Colyn Philip,8,AI,P,F0031,371,MEDINGER WEBER Colyn Philip,2018-03-27,8,JA,0,0
378,MICA Olivia,7,AJ,J,F0035,378,MICA Olivia,2019-06-06,7,JA,210.0,0
574,WURTH Charly,4,AK,J,F0078,575,WURTH Leo,2018-09-07,8,JA,0,0
575,WURTH Leo,8,AI,J,F0078,575,WURTH Leo,2018-09-07,8,JA,384.0,0
404,PAPADOPOULOU STRORUP Fivi,5,AL,J,F0023,405,PAPADOPOULOU STRORUP Liva,2018-09-09,8,JA,0,0
405,PAPADOPOULOU STRORUP Liva,8,AJ,J,F0023,405,PAPADOPOULOU STRORUP Liva,2018-09-09,8,JA,384.0,0
407,PARASCHIV Olivia Ioana,7,AJ,J,F0007,406,PARASCHIV Diana,1990-05-10,36,nein,0,1
408,PARASCHIV Filip Andrei,7,AI,J,F0007,406,PARASCHIV Diana,1990-05-10,36,nein,0,1
427,PINTO CARVALHO Eva Maria,8,AJ,P,F0092,427,PINTO CARVALHO Eva Maria,2018-08-02,8,JA,0,0
431,POIREL Jean-Baptiste,10,AG,J,F0136,430,POIREL Amara,2015-01-10,11,JA,0,0
518,STARK POLINSKI Rafael,3,AK,J,F0154,518,STARK POLINSKI Rafael,2022-10-12,3,JA,210.0,0
451,REIFER Leonard,8,AI,J,F0001,451,REIFER Leonard,2018-05-03,8,JA,210.0,0
534,UIL Maija,9,AH,J,F0160,534,UIL Maija,2016-11-14,9,JA,0,0
465,ROBERT RAYNAUD Charly,4,AK,J,F0140,465,ROBERT RAYNAUD Charly,2022-09-13,4,JA,0,0
548,WALKER Amelie,10,AH,J,F0125,548,WALKER Amelie,2016-05-30,10,JA,210.0,0
553,WEBER Hailey,5,AL,J,F0146,553,WEBER Hailey,2021-03-13,5,JA,0,0
581,ZEBROWSKY Amélia,4,AL,J,F0122,581,ZEBROWSKY Amélia,2022-01-14,4,JA,210.0,0
